{"cameraMode":{"drawMode":0,"name":"Shaded","section":"Shading Mode"},"sceneLighting":true,"audioPlay":false,"sceneViewState":{"showFog":true,"showMaterialUpdate":false,"showSkybox":false,"showFlares":true,"showImageEffects":true,"showParticleSystems":true},"in2DMode":false,"pivot":{"x":1084.9390869140625,"y":-1037.25927734375,"z":-1440.559326171875},"rotation":{"x":-0.06640078127384186,"y":-0.9335550665855408,"z":0.23916681110858918,"w":-0.25895166397094729},"size":1291.0516357421875,"orthographic":false}