{"cameraMode":{"drawMode":0,"name":"Shaded","section":"Shading Mode"},"sceneLighting":true,"audioPlay":false,"sceneViewState":{"showFog":true,"showMaterialUpdate":false,"showSkybox":false,"showFlares":true,"showImageEffects":true,"showParticleSystems":true},"in2DMode":false,"pivot":{"x":1466.418701171875,"y":-1585.4483642578125,"z":281.24591064453127},"rotation":{"x":-0.3088327944278717,"y":-0.6138023734092712,"z":0.28318044543266299,"w":-0.6692301034927368},"size":1319.9365234375,"orthographic":false}